{
    "day_0_hour_0": 2521.798708946667,
    "day_0_hour_1": 2567.329070077846,
    "day_0_hour_2": 2425.858233291243,
    "day_0_hour_3": 2547.2735628616997,
    "day_0_hour_4": 2420.401204094,
    "day_0_hour_5": 5012.927991690564,
    "day_0_hour_6": 5025.827618644516,
    "day_0_hour_7": 5089.76426434832,
    "day_0_hour_8": 5086.999378589608,
    "day_0_hour_9": 4963.758361366003,
    "day_0_hour_10": 5106.00170456244,
    "day_0_hour_11": 4981.945232210186,
    "day_0_hour_12": 5126.936863050758,
    "day_0_hour_13": 4958.441307152986,
    "day_0_hour_14": 5046.5053505824835,
    "day_0_hour_15": 5017.488525123301,
    "day_0_hour_16": 5130.007627134145,
    "day_0_hour_17": 5236.389417616095,
    "day_0_hour_18": 5108.706465808015,
    "day_0_hour_19": 5008.087948815193,
    "day_0_hour_20": 4976.97229930005,
    "day_0_hour_21": 2363.7860478104653,
    "day_0_hour_22": 2318.9057794939263,
    "day_0_hour_23": 2485.1361896126473,
    "day_1_hour_0": 2471.9696878271193,
    "day_1_hour_1": 2417.8364782396725,
    "day_1_hour_2": 2602.097574781781,
    "day_1_hour_3": 2620.1078134964246,
    "day_1_hour_4": 2685.208434133943,
    "day_1_hour_5": 4946.568071797195,
    "day_1_hour_6": 4933.666936122534,
    "day_1_hour_7": 4940.411240689,
    "day_1_hour_8": 4838.958504160095,
    "day_1_hour_9": 5162.981862014627,
    "day_1_hour_10": 5006.47628510138,
    "day_1_hour_11": 4971.356799466603,
    "day_1_hour_12": 4842.715465984754,
    "day_1_hour_13": 5055.679785918719,
    "day_1_hour_14": 5034.444350989518,
    "day_1_hour_15": 4977.896386924906,
    "day_1_hour_16": 4954.367915230874,
    "day_1_hour_17": 4990.872710400839,
    "day_1_hour_18": 5099.820312077069,
    "day_1_hour_19": 5114.538354350205,
    "day_1_hour_20": 4844.409098605197,
    "day_1_hour_21": 2545.587974606624,
    "day_1_hour_22": 2499.350223578402,
    "day_1_hour_23": 2612.025505205341,
    "day_2_hour_0": 2532.8904744571096,
    "day_2_hour_1": 2495.1724607748265,
    "day_2_hour_2": 2317.0994024642478,
    "day_2_hour_3": 2518.1996442928425,
    "day_2_hour_4": 2545.360035319374,
    "day_2_hour_5": 5024.797324206792,
    "day_2_hour_6": 4861.231266383357,
    "day_2_hour_7": 4955.131604151012,
    "day_2_hour_8": 5063.77232020869,
    "day_2_hour_9": 5005.712180649605,
    "day_2_hour_10": 4990.9536207594865,
    "day_2_hour_11": 4975.112138348133,
    "day_2_hour_12": 5080.316601523543,
    "day_2_hour_13": 5001.410397175516,
    "day_2_hour_14": 4891.550977742768,
    "day_2_hour_15": 4812.375854999712,
    "day_2_hour_16": 4944.308759196545,
    "day_2_hour_17": 5142.074688011426,
    "day_2_hour_18": 5096.313666981598,
    "day_2_hour_19": 4999.555002564387,
    "day_2_hour_20": 4935.0915166757195,
    "day_2_hour_21": 2482.5669541068137,
    "day_2_hour_22": 2337.430933615622,
    "day_2_hour_23": 2428.8688727725175,
    "day_3_hour_0": 2484.235000199099,
    "day_3_hour_1": 2437.696900721402,
    "day_3_hour_2": 2594.0017267630947,
    "day_3_hour_3": 2483.2650077039616,
    "day_3_hour_4": 2355.9672667706736,
    "day_3_hour_5": 4859.0657818090685,
    "day_3_hour_6": 5151.267284577332,
    "day_3_hour_7": 4836.976550499952,
    "day_3_hour_8": 5135.147448373725,
    "day_3_hour_9": 5063.589929383679,
    "day_3_hour_10": 5054.739468480692,
    "day_3_hour_11": 5098.61325070306,
    "day_3_hour_12": 4998.01581935318,
    "day_3_hour_13": 4895.859703225317,
    "day_3_hour_14": 4982.070083837232,
    "day_3_hour_15": 4979.182890011997,
    "day_3_hour_16": 4921.182780909432,
    "day_3_hour_17": 5152.073216830729,
    "day_3_hour_18": 5013.153019027929,
    "day_3_hour_19": 4959.246255056255,
    "day_3_hour_20": 5018.676467204482,
    "day_3_hour_21": 2494.0078827625266,
    "day_3_hour_22": 2541.9277669078974,
    "day_3_hour_23": 2491.4914621726894,
    "day_4_hour_0": 2550.2066071652403,
    "day_4_hour_1": 2398.6483664607,
    "day_4_hour_2": 2505.6987187491563,
    "day_4_hour_3": 2312.998117229559,
    "day_4_hour_4": 2446.058403220508,
    "day_4_hour_5": 5077.260122075383,
    "day_4_hour_6": 5010.507680477926,
    "day_4_hour_7": 4986.284128372591,
    "day_4_hour_8": 5030.377891643673,
    "day_4_hour_9": 4981.935122930574,
    "day_4_hour_10": 5001.277486785696,
    "day_4_hour_11": 5034.668073403078,
    "day_4_hour_12": 4980.813222943779,
    "day_4_hour_13": 4937.035744937764,
    "day_4_hour_14": 4939.285197363267,
    "day_4_hour_15": 5099.01177653379,
    "day_4_hour_16": 4796.498779320954,
    "day_4_hour_17": 4987.816021048577,
    "day_4_hour_18": 5055.436089825442,
    "day_4_hour_19": 5046.029489763997,
    "day_4_hour_20": 4987.61026929224,
    "day_4_hour_21": 2469.763929753453,
    "day_4_hour_22": 2435.2129916984395,
    "day_4_hour_23": 2455.1712224488983,
    "day_5_hour_0": 2594.0954776985723,
    "day_5_hour_1": 2522.9479287595095,
    "day_5_hour_2": 2566.1703410322093,
    "day_5_hour_3": 2401.0430061403654,
    "day_5_hour_4": 2545.411434426187,
    "day_5_hour_5": 5069.048476165107,
    "day_5_hour_6": 4991.354367486103,
    "day_5_hour_7": 4920.522923917716,
    "day_5_hour_8": 4857.356137992688,
    "day_5_hour_9": 5095.561378262904,
    "day_5_hour_10": 4879.628162504595,
    "day_5_hour_11": 5208.855335976231,
    "day_5_hour_12": 4918.521848117421,
    "day_5_hour_13": 5063.740045094272,
    "day_5_hour_14": 5011.854989566669,
    "day_5_hour_15": 5090.1002127150905,
    "day_5_hour_16": 4940.301270667725,
    "day_5_hour_17": 5120.971081823917,
    "day_5_hour_18": 5073.914273582374,
    "day_5_hour_19": 4959.024346145266,
    "day_5_hour_20": 5076.893889073338,
    "day_5_hour_21": 2492.394731792416,
    "day_5_hour_22": 2595.571178746559,
    "day_5_hour_23": 2612.8526651620487,
    "day_6_hour_0": 2486.6815304553947,
    "day_6_hour_1": 2353.8222650080857,
    "day_6_hour_2": 2441.146007032254,
    "day_6_hour_3": 2544.337955633066,
    "day_6_hour_4": 2451.8694979212028,
    "day_6_hour_5": 5008.335944650334,
    "day_6_hour_6": 5105.965205950577,
    "day_6_hour_7": 5071.762825408972,
    "day_6_hour_8": 4926.636476000763,
    "day_6_hour_9": 5072.491966634932,
    "day_6_hour_10": 4900.984319377497,
    "day_6_hour_11": 4993.430143051389,
    "day_6_hour_12": 5027.871907689653,
    "day_6_hour_13": 4765.676572148812,
    "day_6_hour_14": 4927.212643617475,
    "day_6_hour_15": 5093.406929268241,
    "day_6_hour_16": 4993.8697725927805,
    "day_6_hour_17": 5092.550014033474,
    "day_6_hour_18": 5060.583589280612,
    "day_6_hour_19": 4926.335404319409,
    "day_6_hour_20": 4937.973384176455,
    "day_6_hour_21": 2334.557043458588,
    "day_6_hour_22": 2465.945661763165,
    "day_6_hour_23": 2431.525535738426
}