{
    "day_0_hour_0": 2059.2240554129166,
    "day_0_hour_1": 2052.2110544359784,
    "day_0_hour_2": 2001.0226913284932,
    "day_0_hour_3": 1953.0825733249694,
    "day_0_hour_4": 1716.9258515899164,
    "day_0_hour_5": 1915.8709354469283,
    "day_0_hour_6": 3931.457096694645,
    "day_0_hour_7": 3839.544546155681,
    "day_0_hour_8": 3967.742857666799,
    "day_0_hour_9": 4080.8101713629076,
    "day_0_hour_10": 4377.237180242108,
    "day_0_hour_11": 4034.9155625663698,
    "day_0_hour_12": 4051.5100781445544,
    "day_0_hour_13": 3985.1108168467654,
    "day_0_hour_14": 3616.245756940192,
    "day_0_hour_15": 3994.69722491016,
    "day_0_hour_16": 4012.046041988204,
    "day_0_hour_17": 4492.648422497052,
    "day_0_hour_18": 3961.5278070437707,
    "day_0_hour_19": 2060.309468466723,
    "day_0_hour_20": 1993.057646058951,
    "day_0_hour_21": 1766.2643924760887,
    "day_0_hour_22": 2228.564562903004,
    "day_0_hour_23": 2150.386606537355,
    "day_1_hour_0": 2158.2063894086095,
    "day_1_hour_1": 1818.1225090410517,
    "day_1_hour_2": 2280.5588621872193,
    "day_1_hour_3": 1719.6297874415432,
    "day_1_hour_4": 2117.3714187600526,
    "day_1_hour_5": 2438.0911251619946,
    "day_1_hour_6": 3801.8927349738624,
    "day_1_hour_7": 3886.740454079445,
    "day_1_hour_8": 4019.9302730175295,
    "day_1_hour_9": 3899.3048691767617,
    "day_1_hour_10": 3689.8673137867736,
    "day_1_hour_11": 4013.7125949612055,
    "day_1_hour_12": 3787.539257254779,
    "day_1_hour_13": 4094.71848612704,
    "day_1_hour_14": 3816.1151531532414,
    "day_1_hour_15": 4309.986881003508,
    "day_1_hour_16": 3843.3493415327575,
    "day_1_hour_17": 3935.5876967588665,
    "day_1_hour_18": 4162.703443473933,
    "day_1_hour_19": 1753.8271367132074,
    "day_1_hour_20": 2045.4919869208243,
    "day_1_hour_21": 2261.4285508564863,
    "day_1_hour_22": 1678.5033530877554,
    "day_1_hour_23": 2036.9267717064613,
    "day_2_hour_0": 2051.976558849685,
    "day_2_hour_1": 2156.3645743554625,
    "day_2_hour_2": 1752.6098578243837,
    "day_2_hour_3": 1735.908677383144,
    "day_2_hour_4": 2104.388313123378,
    "day_2_hour_5": 2059.3969346466365,
    "day_2_hour_6": 4050.098570069171,
    "day_2_hour_7": 4069.289641899395,
    "day_2_hour_8": 3863.995055684303,
    "day_2_hour_9": 4046.450739432199,
    "day_2_hour_10": 4058.614494659734,
    "day_2_hour_11": 3857.1297163947274,
    "day_2_hour_12": 4373.154902228951,
    "day_2_hour_13": 4094.766584182358,
    "day_2_hour_14": 3761.7393005594713,
    "day_2_hour_15": 4131.310721726764,
    "day_2_hour_16": 3805.0636659545307,
    "day_2_hour_17": 4157.416920748488,
    "day_2_hour_18": 4231.719115801479,
    "day_2_hour_19": 1835.8635363296562,
    "day_2_hour_20": 2192.675225848863,
    "day_2_hour_21": 2082.5561853873005,
    "day_2_hour_22": 2164.4120319988942,
    "day_2_hour_23": 2379.3585965307902,
    "day_3_hour_0": 2099.342830602249,
    "day_3_hour_1": 1972.3471397657631,
    "day_3_hour_2": 2129.5377076201385,
    "day_3_hour_3": 2304.605971281606,
    "day_3_hour_4": 1953.1693250553326,
    "day_3_hour_5": 1953.1726086101644,
    "day_3_hour_6": 4315.84256310148,
    "day_3_hour_7": 4153.48694583058,
    "day_3_hour_8": 3906.105122813009,
    "day_3_hour_9": 4108.512008717196,
    "day_3_hour_10": 3907.316461437509,
    "day_3_hour_11": 3906.85404928595,
    "day_3_hour_12": 4048.3924543132052,
    "day_3_hour_13": 3617.34395106844,
    "day_3_hour_14": 3655.0164334973924,
    "day_3_hour_15": 3887.5424941518067,
    "day_3_hour_16": 3797.4337759331174,
    "day_3_hour_17": 4062.8494665190556,
    "day_3_hour_18": 3818.3951848957586,
    "day_3_hour_19": 1717.539259732941,
    "day_3_hour_20": 2293.1297537843093,
    "day_3_hour_21": 1954.8447399026918,
    "day_3_hour_22": 2013.5056409375866,
    "day_3_hour_23": 1715.050362757309,
    "day_4_hour_0": 1891.1234550949648,
    "day_4_hour_1": 2022.1845179419724,
    "day_4_hour_2": 1769.8012845155408,
    "day_4_hour_3": 2075.1396036691367,
    "day_4_hour_4": 1879.8722620162407,
    "day_4_hour_5": 1941.661250041343,
    "day_4_hour_6": 3879.658677554118,
    "day_4_hour_7": 4370.455636901788,
    "day_4_hour_8": 3997.3005550524103,
    "day_4_hour_9": 3788.457814208821,
    "day_4_hour_10": 4164.508982420641,
    "day_4_hour_11": 3755.8312700057977,
    "day_4_hour_12": 4041.77271900095,
    "day_4_hour_13": 3608.0659752240463,
    "day_4_hour_14": 3734.362790220315,
    "day_4_hour_15": 4039.3722471738256,
    "day_4_hour_16": 4147.69331599908,
    "day_4_hour_17": 4034.273656237998,
    "day_4_hour_18": 3976.8703435223506,
    "day_4_hour_19": 1939.7792608821437,
    "day_4_hour_20": 1704.2956019265148,
    "day_4_hour_21": 1856.0311583210569,
    "day_4_hour_22": 1907.872245808041,
    "day_4_hour_23": 2211.4244452437815,
    "day_5_hour_0": 2068.7236579136916,
    "day_5_hour_1": 1647.3919689274517,
    "day_5_hour_2": 2064.8167938789593,
    "day_5_hour_3": 1922.9835439167364,
    "day_5_hour_4": 1864.6155999388066,
    "day_5_hour_5": 2122.3352577681726,
    "day_5_hour_6": 4206.19990449919,
    "day_5_hour_7": 4186.25602382324,
    "day_5_hour_8": 3832.156495355477,
    "day_5_hour_9": 3938.1575248297595,
    "day_5_hour_10": 4066.252686280717,
    "day_5_hour_11": 4195.10902542447,
    "day_5_hour_12": 3904.165152430942,
    "day_5_hour_13": 3962.86820466724,
    "day_5_hour_14": 3778.733005198799,
    "day_5_hour_15": 3760.7586751838644,
    "day_5_hour_16": 4162.50516447884,
    "day_5_hour_17": 4271.248005714169,
    "day_5_hour_18": 3985.5979756839333,
    "day_5_hour_19": 2200.7065795784038,
    "day_5_hour_20": 2072.3272050095293,
    "day_5_hour_21": 1870.9760490789704,
    "day_5_hour_22": 2072.279121101681,
    "day_5_hour_23": 2307.6073132931924,
    "day_6_hour_0": 1992.8347921780114,
    "day_6_hour_1": 2312.9287311627995,
    "day_6_hour_2": 1476.0509791820514,
    "day_6_hour_3": 2164.380500875046,
    "day_6_hour_4": 2017.4094136476342,
    "day_6_hour_5": 1940.1985299068256,
    "day_6_hour_6": 4018.3521553071005,
    "day_6_hour_7": 3602.4862170798224,
    "day_6_hour_8": 3956.0656224324994,
    "day_6_hour_9": 4071.4225143023505,
    "day_6_hour_10": 4295.578808948303,
    "day_6_hour_11": 3896.3459563452707,
    "day_6_hour_12": 3838.301279421361,
    "day_6_hour_13": 3899.6485912830904,
    "day_6_hour_14": 4183.08042354041,
    "day_6_hour_15": 4065.750221931936,
    "day_6_hour_16": 3894.0479592465963,
    "day_6_hour_17": 4102.653486622672,
    "day_6_hour_18": 4019.4155098696065,
    "day_6_hour_19": 2193.728998106577,
    "day_6_hour_20": 1859.5893812245304,
    "day_6_hour_21": 1934.4675706804446,
    "day_6_hour_22": 1921.5783693735684,
    "day_6_hour_23": 1707.2970103735715
}