{
    "day_0_hour_0": 2437.299947080547,
    "day_0_hour_1": 2417.121897722314,
    "day_0_hour_2": 2426.847997751764,
    "day_0_hour_3": 2440.0675024547168,
    "day_0_hour_4": 2412.1788121110053,
    "day_0_hour_5": 5050.880902254878,
    "day_0_hour_6": 5132.2802161949385,
    "day_0_hour_7": 5092.359671534513,
    "day_0_hour_8": 4982.208528700057,
    "day_0_hour_9": 5007.661144993685,
    "day_0_hour_10": 4868.901981424166,
    "day_0_hour_11": 5083.66965702786,
    "day_0_hour_12": 4977.118991072442,
    "day_0_hour_13": 4870.062329303517,
    "day_0_hour_14": 4894.9641656917975,
    "day_0_hour_15": 5070.884296750959,
    "day_0_hour_16": 4946.516816184955,
    "day_0_hour_17": 5074.237312023597,
    "day_0_hour_18": 4940.904296655388,
    "day_0_hour_19": 4969.690659733098,
    "day_0_hour_20": 4950.240777228733,
    "day_0_hour_21": 2371.2708536874866,
    "day_0_hour_22": 2456.371625321768,
    "day_0_hour_23": 2433.7183268762033,
    "day_1_hour_0": 2530.9965223123922,
    "day_1_hour_1": 2429.6997009004303,
    "day_1_hour_2": 2519.041867118251,
    "day_1_hour_3": 2472.65219685846,
    "day_1_hour_4": 2444.6738018569936,
    "day_1_hour_5": 4971.952156413632,
    "day_1_hour_6": 4932.976591587284,
    "day_1_hour_7": 4974.433506496519,
    "day_1_hour_8": 4920.996947814053,
    "day_1_hour_9": 4958.0607288269075,
    "day_1_hour_10": 5066.238791450223,
    "day_1_hour_11": 5060.354360230822,
    "day_1_hour_12": 4961.444021560963,
    "day_1_hour_13": 4945.14100703691,
    "day_1_hour_14": 5083.234132837587,
    "day_1_hour_15": 5051.526205307232,
    "day_1_hour_16": 4964.370852643434,
    "day_1_hour_17": 5152.387305458586,
    "day_1_hour_18": 5127.379303451131,
    "day_1_hour_19": 5037.056806208387,
    "day_1_hour_20": 4964.845258119135,
    "day_1_hour_21": 2455.1388388885252,
    "day_1_hour_22": 2372.926953413964,
    "day_1_hour_23": 2543.1085426367295,
    "day_2_hour_0": 2511.4897697611623,
    "day_2_hour_1": 2367.791499000722,
    "day_2_hour_2": 2466.795745492493,
    "day_2_hour_3": 2576.173993043445,
    "day_2_hour_4": 2590.856784744362,
    "day_2_hour_5": 4902.038636656577,
    "day_2_hour_6": 5049.269244678632,
    "day_2_hour_7": 4989.483225758979,
    "day_2_hour_8": 4884.745303222176,
    "day_2_hour_9": 5156.331722408547,
    "day_2_hour_10": 5105.678141189988,
    "day_2_hour_11": 4924.969135492218,
    "day_2_hour_12": 4948.074168067292,
    "day_2_hour_13": 4989.486086767077,
    "day_2_hour_14": 4881.591586046882,
    "day_2_hour_15": 4988.903177958817,
    "day_2_hour_16": 4905.956312671666,
    "day_2_hour_17": 5029.457686316619,
    "day_2_hour_18": 5150.442819644612,
    "day_2_hour_19": 5175.0095956507275,
    "day_2_hour_20": 4854.899244373732,
    "day_2_hour_21": 2446.620279878688,
    "day_2_hour_22": 2453.4630285938097,
    "day_2_hour_23": 2502.5218462977537,
    "day_3_hour_0": 2476.3781706138916,
    "day_3_hour_1": 2636.7605621146404,
    "day_3_hour_2": 2355.9135403599876,
    "day_3_hour_3": 2585.338482495721,
    "day_3_hour_4": 2384.5566448970594,
    "day_3_hour_5": 5011.444016084545,
    "day_3_hour_6": 5029.095567173022,
    "day_3_hour_7": 4944.065408703663,
    "day_3_hour_8": 5163.940029151231,
    "day_3_hour_9": 5056.299475153295,
    "day_3_hour_10": 5046.847318746503,
    "day_3_hour_11": 4980.863292036322,
    "day_3_hour_12": 5210.237316777285,
    "day_3_hour_13": 5071.498261675047,
    "day_3_hour_14": 4960.931712024419,
    "day_3_hour_15": 5016.921527049133,
    "day_3_hour_16": 5093.075336037557,
    "day_3_hour_17": 5075.394581515694,
    "day_3_hour_18": 5030.675673058603,
    "day_3_hour_19": 5095.965705255296,
    "day_3_hour_20": 4957.978299305039,
    "day_3_hour_21": 2343.7654647567488,
    "day_3_hour_22": 2236.953636702843,
    "day_3_hour_23": 2292.5082862909167,
    "day_4_hour_0": 2526.5566953936122,
    "day_4_hour_1": 2440.4324510916695,
    "day_4_hour_2": 2700.47438663879,
    "day_4_hour_3": 2488.2502063944476,
    "day_4_hour_4": 2509.3317610023787,
    "day_4_hour_5": 5010.3394804431955,
    "day_4_hour_6": 4931.069356704031,
    "day_4_hour_7": 4823.0829088695455,
    "day_4_hour_8": 4980.3611620262,
    "day_4_hour_9": 5093.881674061464,
    "day_4_hour_10": 4974.580040323838,
    "day_4_hour_11": 5024.598828833594,
    "day_4_hour_12": 4971.60546060556,
    "day_4_hour_13": 4943.476035430334,
    "day_4_hour_14": 5048.169054770234,
    "day_4_hour_15": 4938.875696166846,
    "day_4_hour_16": 4988.463771623024,
    "day_4_hour_17": 5139.596294450801,
    "day_4_hour_18": 5090.599299291387,
    "day_4_hour_19": 5012.137909414356,
    "day_4_hour_20": 5016.106055158506,
    "day_4_hour_21": 2392.737451775589,
    "day_4_hour_22": 2617.1402298791036,
    "day_4_hour_23": 2594.639872653199,
    "day_5_hour_0": 2627.909004073147,
    "day_5_hour_1": 2346.0727513267047,
    "day_5_hour_2": 2482.5708967486526,
    "day_5_hour_3": 2339.0741594930196,
    "day_5_hour_4": 2600.897119103057,
    "day_5_hour_5": 5208.475639663682,
    "day_5_hour_6": 4848.714451156347,
    "day_5_hour_7": 5024.21614526657,
    "day_5_hour_8": 5036.445764612555,
    "day_5_hour_9": 4957.798659863991,
    "day_5_hour_10": 4943.213050627805,
    "day_5_hour_11": 4990.0421427455585,
    "day_5_hour_12": 4920.068535585161,
    "day_5_hour_13": 4970.545555849098,
    "day_5_hour_14": 4913.142838699839,
    "day_5_hour_15": 4928.165236682591,
    "day_5_hour_16": 4867.243467610547,
    "day_5_hour_17": 5141.558082991854,
    "day_5_hour_18": 5173.8279237647885,
    "day_5_hour_19": 4821.269265102786,
    "day_5_hour_20": 5055.2685607372,
    "day_5_hour_21": 2557.1738343322195,
    "day_5_hour_22": 2427.8414863862617,
    "day_5_hour_23": 2617.4345377718128,
    "day_6_hour_0": 2536.322351077351,
    "day_6_hour_1": 2566.7999215995483,
    "day_6_hour_2": 2515.5518935482005,
    "day_6_hour_3": 2501.5287946981734,
    "day_6_hour_4": 2508.9327550536364,
    "day_6_hour_5": 4872.896914915018,
    "day_6_hour_6": 5125.072306092082,
    "day_6_hour_7": 4959.698779276469,
    "day_6_hour_8": 5055.902108519988,
    "day_6_hour_9": 5084.246269621868,
    "day_6_hour_10": 4983.248195475823,
    "day_6_hour_11": 5135.68097923126,
    "day_6_hour_12": 5018.173171520621,
    "day_6_hour_13": 4892.575058277768,
    "day_6_hour_14": 5072.858909167554,
    "day_6_hour_15": 5072.185078757383,
    "day_6_hour_16": 4894.96731049106,
    "day_6_hour_17": 5066.576083130748,
    "day_6_hour_18": 5000.787666767743,
    "day_6_hour_19": 4920.16282838904,
    "day_6_hour_20": 4965.719421328834,
    "day_6_hour_21": 2636.8271353908494,
    "day_6_hour_22": 2582.234875604536,
    "day_6_hour_23": 2511.9657302717114
}