{
    "day_0_hour_0": 1627.9090040731462,
    "day_0_hour_1": 1346.0727513267047,
    "day_0_hour_2": 1482.5708967486526,
    "day_0_hour_3": 1339.0741594930196,
    "day_0_hour_4": 1600.8971191030569,
    "day_0_hour_5": 1708.4756396636822,
    "day_0_hour_6": 2848.7144511563474,
    "day_0_hour_7": 3024.2161452665696,
    "day_0_hour_8": 3036.4457646125547,
    "day_0_hour_9": 2957.798659863991,
    "day_0_hour_10": 2943.2130506278054,
    "day_0_hour_11": 2990.0421427455585,
    "day_0_hour_12": 2920.068535585161,
    "day_0_hour_13": 2970.5455558490976,
    "day_0_hour_14": 2913.1428386998386,
    "day_0_hour_15": 2928.165236682591,
    "day_0_hour_16": 2867.2434676105468,
    "day_0_hour_17": 3141.5580829918536,
    "day_0_hour_18": 3173.8279237647885,
    "day_0_hour_19": 1321.2692651027864,
    "day_0_hour_20": 1555.2685607371996,
    "day_0_hour_21": 1557.1738343322195,
    "day_0_hour_22": 1427.8414863862627,
    "day_0_hour_23": 1617.4345377718146,
    "day_1_hour_0": 1536.3223510773514,
    "day_1_hour_1": 1566.799921599547,
    "day_1_hour_2": 1515.5518935482014,
    "day_1_hour_3": 1501.5287946981734,
    "day_1_hour_4": 1508.9327550536354,
    "day_1_hour_5": 1372.896914915019,
    "day_1_hour_6": 3125.07230609208,
    "day_1_hour_7": 2959.6987792764694,
    "day_1_hour_8": 3055.9021085199884,
    "day_1_hour_9": 3084.246269621868,
    "day_1_hour_10": 2983.248195475823,
    "day_1_hour_11": 3135.6809792312597,
    "day_1_hour_12": 3018.1731715206206,
    "day_1_hour_13": 2892.575058277768,
    "day_1_hour_14": 3072.858909167554,
    "day_1_hour_15": 3072.185078757383,
    "day_1_hour_16": 2894.96731049106,
    "day_1_hour_17": 3066.576083130748,
    "day_1_hour_18": 3000.787666767743,
    "day_1_hour_19": 1420.1628283890404,
    "day_1_hour_20": 1465.719421328834,
    "day_1_hour_21": 1636.8271353908494,
    "day_1_hour_22": 1582.2348756045367,
    "day_1_hour_23": 1511.9657302717123,
    "day_2_hour_0": 1437.2999470805473,
    "day_2_hour_1": 1417.1218977223143,
    "day_2_hour_2": 1426.847997751764,
    "day_2_hour_3": 1440.0675024547163,
    "day_2_hour_4": 1412.1788121110046,
    "day_2_hour_5": 1550.8809022548776,
    "day_2_hour_6": 3132.280216194938,
    "day_2_hour_7": 3092.359671534513,
    "day_2_hour_8": 2982.2085287000577,
    "day_2_hour_9": 3007.6611449936854,
    "day_2_hour_10": 2868.9019814241656,
    "day_2_hour_11": 3083.6696570278596,
    "day_2_hour_12": 2977.1189910724424,
    "day_2_hour_13": 2870.062329303517,
    "day_2_hour_14": 2894.964165691798,
    "day_2_hour_15": 3070.884296750959,
    "day_2_hour_16": 2946.516816184955,
    "day_2_hour_17": 3074.237312023597,
    "day_2_hour_18": 2940.9042966553884,
    "day_2_hour_19": 1469.6906597330976,
    "day_2_hour_20": 1450.2407772287334,
    "day_2_hour_21": 1371.2708536874866,
    "day_2_hour_22": 1456.371625321768,
    "day_2_hour_23": 1433.718326876203,
    "day_3_hour_0": 1522.4390017783835,
    "day_3_hour_1": 1474.6803049448022,
    "day_3_hour_2": 1477.6009829374707,
    "day_3_hour_3": 1475.0603528952252,
    "day_3_hour_4": 1456.9784033471924,
    "day_3_hour_5": 1412.4897342251984,
    "day_3_hour_6": 2951.4379240112435,
    "day_3_hour_7": 3038.464947938827,
    "day_3_hour_8": 2979.077643443761,
    "day_3_hour_9": 2917.275413466352,
    "day_3_hour_10": 3146.819956937593,
    "day_3_hour_11": 2987.7032411893097,
    "day_3_hour_12": 3055.9014973453914,
    "day_3_hour_13": 2846.6034403816357,
    "day_3_hour_14": 3093.491792686853,
    "day_3_hour_15": 3069.24341222756,
    "day_3_hour_16": 2982.70952014474,
    "day_3_hour_17": 3170.527326105629,
    "day_3_hour_18": 3161.105864435157,
    "day_3_hour_19": 1491.155913659658,
    "day_3_hour_20": 1450.3451902158167,
    "day_3_hour_21": 1436.4084605375638,
    "day_3_hour_22": 1359.3393023781473,
    "day_3_hour_23": 1556.7329594819666,
    "day_4_hour_0": 1498.9721237568497,
    "day_4_hour_1": 1420.247793383734,
    "day_4_hour_2": 1525.9039529709025,
    "day_4_hour_3": 1558.054286603171,
    "day_4_hour_4": 1605.0277090240547,
    "day_4_hour_5": 1386.7474626383546,
    "day_4_hour_6": 3060.6648591950197,
    "day_4_hour_7": 2969.47494693064,
    "day_4_hour_8": 2882.9196130431874,
    "day_4_hour_9": 3234.329889280799,
    "day_4_hour_10": 3122.3054137326008,
    "day_4_hour_11": 2955.1300582460244,
    "day_4_hour_12": 2914.6800722983917,
    "day_4_hour_13": 3071.986788670738,
    "day_4_hour_14": 2800.5317006923206,
    "day_4_hour_15": 2962.4990983278685,
    "day_4_hour_16": 2869.643904123889,
    "day_4_hour_17": 2987.687558698498,
    "day_4_hour_18": 3104.779802332636,
    "day_4_hour_19": 1668.0434913125027,
    "day_4_hour_20": 1410.6677670337476,
    "day_4_hour_21": 1497.2541981851446,
    "day_4_hour_22": 1473.0697146270459,
    "day_4_hour_23": 1501.8477553616503,
    "day_5_hour_0": 1476.3781706138916,
    "day_5_hour_1": 1636.7605621146404,
    "day_5_hour_2": 1355.9135403599885,
    "day_5_hour_3": 1585.338482495721,
    "day_5_hour_4": 1384.5566448970603,
    "day_5_hour_5": 1511.4440160845452,
    "day_5_hour_6": 3029.0955671730217,
    "day_5_hour_7": 2944.065408703663,
    "day_5_hour_8": 3163.940029151231,
    "day_5_hour_9": 3056.299475153295,
    "day_5_hour_10": 3046.8473187465033,
    "day_5_hour_11": 2980.8632920363216,
    "day_5_hour_12": 3210.237316777285,
    "day_5_hour_13": 3071.4982616750467,
    "day_5_hour_14": 2960.9317120244186,
    "day_5_hour_15": 3016.921527049133,
    "day_5_hour_16": 3093.0753360375566,
    "day_5_hour_17": 3075.394581515694,
    "day_5_hour_18": 3030.675673058603,
    "day_5_hour_19": 1595.9657052552957,
    "day_5_hour_20": 1457.9782993050394,
    "day_5_hour_21": 1343.7654647567488,
    "day_5_hour_22": 1236.9536367028431,
    "day_5_hour_23": 1292.5082862909167,
    "day_6_hour_0": 1526.5566953936113,
    "day_6_hour_1": 1440.4324510916695,
    "day_6_hour_2": 1700.4743866387898,
    "day_6_hour_3": 1488.2502063944485,
    "day_6_hour_4": 1509.3317610023787,
    "day_6_hour_5": 1510.3394804431955,
    "day_6_hour_6": 2931.0693567040307,
    "day_6_hour_7": 2823.0829088695455,
    "day_6_hour_8": 2980.3611620262,
    "day_6_hour_9": 3093.881674061464,
    "day_6_hour_10": 2974.580040323838,
    "day_6_hour_11": 3024.598828833594,
    "day_6_hour_12": 2971.6054606055604,
    "day_6_hour_13": 2943.4760354303344,
    "day_6_hour_14": 3048.1690547702337,
    "day_6_hour_15": 2938.875696166846,
    "day_6_hour_16": 2988.4637716230236,
    "day_6_hour_17": 3139.596294450801,
    "day_6_hour_18": 3090.599299291387,
    "day_6_hour_19": 1512.1379094143558,
    "day_6_hour_20": 1516.106055158506,
    "day_6_hour_21": 1392.7374517755889,
    "day_6_hour_22": 1617.1402298791036,
    "day_6_hour_23": 1594.6398726531988
}