{
    "day_0_hour_0": 2512.603835589747,
    "day_0_hour_1": 2526.52818160003,
    "day_0_hour_2": 2427.5618133314674,
    "day_0_hour_3": 2577.515141344896,
    "day_0_hour_4": 2447.043191039413,
    "day_0_hour_5": 4964.054058951093,
    "day_0_hour_6": 4978.706305868468,
    "day_0_hour_7": 5048.126685830676,
    "day_0_hour_8": 5029.4644156106115,
    "day_0_hour_9": 4915.337587570458,
    "day_0_hour_10": 5128.673755302494,
    "day_0_hour_11": 5022.063779553956,
    "day_0_hour_12": 5018.822522322846,
    "day_0_hour_13": 4870.785044152687,
    "day_0_hour_14": 5089.335445054785,
    "day_0_hour_15": 4996.219974926219,
    "day_0_hour_16": 5141.72232686814,
    "day_0_hour_17": 5280.496118505537,
    "day_0_hour_18": 5176.336344101506,
    "day_0_hour_19": 5001.744243949077,
    "day_0_hour_20": 4909.050528729668,
    "day_0_hour_21": 2455.476959831138,
    "day_0_hour_22": 2306.6797506726703,
    "day_0_hour_23": 2586.022428335428,
    "day_1_hour_0": 2420.777360898479,
    "day_1_hour_1": 2376.7023349582305,
    "day_1_hour_2": 2512.031759822857,
    "day_1_hour_3": 2604.864179879059,
    "day_1_hour_4": 2672.5440269702394,
    "day_1_hour_5": 4877.833829372447,
    "day_1_hour_6": 5054.589669434806,
    "day_1_hour_7": 4987.365561295537,
    "day_1_hour_8": 4824.574493597822,
    "day_1_hour_9": 5174.079799131369,
    "day_1_hour_10": 5104.998904748022,
    "day_1_hour_11": 4961.908313139221,
    "day_1_hour_12": 4806.159168253592,
    "day_1_hour_13": 5123.18740976242,
    "day_1_hour_14": 4869.917236601617,
    "day_1_hour_15": 5017.204551831652,
    "day_1_hour_16": 4950.911333566909,
    "day_1_hour_17": 5007.017643867418,
    "day_1_hour_18": 5138.478511164211,
    "day_1_hour_19": 5112.295500931651,
    "day_1_hour_20": 4859.095197794053,
    "day_1_hour_21": 2510.945632834117,
    "day_1_hour_22": 2408.7992474238285,
    "day_1_hour_23": 2649.872694416059,
    "day_2_hour_0": 2417.1653222457344,
    "day_2_hour_1": 2644.9907214347095,
    "day_2_hour_2": 2288.524217489072,
    "day_2_hour_3": 2668.7657698545345,
    "day_2_hour_4": 2388.6750661182396,
    "day_2_hour_5": 4936.649141369318,
    "day_2_hour_6": 4961.681546537455,
    "day_2_hour_7": 4735.910185282541,
    "day_2_hour_8": 5154.57823524436,
    "day_2_hour_9": 5076.20942824727,
    "day_2_hour_10": 5021.7010090406475,
    "day_2_hour_11": 5039.959172878112,
    "day_2_hour_12": 5131.366259411945,
    "day_2_hour_13": 5053.07082169666,
    "day_2_hour_14": 4939.603215174806,
    "day_2_hour_15": 4984.451703679342,
    "day_2_hour_16": 5073.71509454196,
    "day_2_hour_17": 4980.559796749458,
    "day_2_hour_18": 5054.089697749427,
    "day_2_hour_19": 5174.327904396223,
    "day_2_hour_20": 4837.101643454456,
    "day_2_hour_21": 2461.281249734042,
    "day_2_hour_22": 2136.662450679876,
    "day_2_hour_23": 2251.209741053357,
    "day_3_hour_0": 2504.355212567143,
    "day_3_hour_1": 2401.327209021505,
    "day_3_hour_2": 2663.7524760574106,
    "day_3_hour_3": 2333.527148866422,
    "day_3_hour_4": 2314.4584771252594,
    "day_3_hour_5": 4971.009525452073,
    "day_3_hour_6": 5109.8558772539345,
    "day_3_hour_7": 4776.186057959896,
    "day_3_hour_8": 5100.1878040488955,
    "day_3_hour_9": 5041.428391783415,
    "day_3_hour_10": 5090.467725016259,
    "day_3_hour_11": 5063.668128709511,
    "day_3_hour_12": 5045.661008629624,
    "day_3_hour_13": 4932.533720707503,
    "day_3_hour_14": 4815.1030869690985,
    "day_3_hour_15": 4958.817252768904,
    "day_3_hour_16": 5017.374755519226,
    "day_3_hour_17": 5312.537278700631,
    "day_3_hour_18": 5139.36558513642,
    "day_3_hour_19": 4906.373184350676,
    "day_3_hour_20": 5209.8321604951,
    "day_3_hour_21": 2187.923416285794,
    "day_3_hour_22": 2599.1037719479446,
    "day_3_hour_23": 2634.0250239171346,
    "day_4_hour_0": 2607.2023814778095,
    "day_4_hour_1": 2346.791302538466,
    "day_4_hour_2": 2619.4672060578814,
    "day_4_hour_3": 2310.5148002548885,
    "day_4_hour_4": 2499.749233685605,
    "day_4_hour_5": 5304.005772283099,
    "day_4_hour_6": 4936.647916083435,
    "day_4_hour_7": 4874.079267513656,
    "day_4_hour_8": 5099.92512405209,
    "day_4_hour_9": 4980.382386676041,
    "day_4_hour_10": 4926.219868777285,
    "day_4_hour_11": 5069.819181672963,
    "day_4_hour_12": 4810.870127535181,
    "day_4_hour_13": 4991.341139043823,
    "day_4_hour_14": 4982.7869370889475,
    "day_4_hour_15": 5216.0304670451005,
    "day_4_hour_16": 4919.584511369963,
    "day_4_hour_17": 4979.5265867103135,
    "day_4_hour_18": 5209.118211315808,
    "day_4_hour_19": 4817.756429473022,
    "day_4_hour_20": 5077.455731577416,
    "day_4_hour_21": 2610.4950101848535,
    "day_4_hour_22": 2317.4835562211574,
    "day_4_hour_23": 2628.341071051951,
    "day_5_hour_0": 2608.529914323646,
    "day_5_hour_1": 2659.533250777795,
    "day_5_hour_2": 2506.852809627624,
    "day_5_hour_3": 2370.0547228548476,
    "day_5_hour_4": 2620.389453691185,
    "day_5_hour_5": 4998.671791663974,
    "day_5_hour_6": 5057.46592028343,
    "day_5_hour_7": 5021.63051551293,
    "day_5_hour_8": 4941.697124341423,
    "day_5_hour_9": 5082.741072259792,
    "day_5_hour_10": 4947.48517900652,
    "day_5_hour_11": 5137.803585765911,
    "day_5_hour_12": 5085.975712964506,
    "day_5_hour_13": 4925.964430812404,
    "day_5_hour_14": 4996.680737629742,
    "day_5_hour_15": 5144.821630259676,
    "day_5_hour_16": 4964.943814682481,
    "day_5_hour_17": 5141.54301130067,
    "day_5_hour_18": 5114.634880616048,
    "day_5_hour_19": 4828.206331016247,
    "day_5_hour_20": 5103.918068743804,
    "day_5_hour_21": 2473.5619215424394,
    "day_5_hour_22": 2679.717989341223,
    "day_5_hour_23": 2674.9735601151806,
    "day_6_hour_0": 2461.7219226810557,
    "day_6_hour_1": 2419.1075795212223,
    "day_6_hour_2": 2511.40703751672,
    "day_6_hour_3": 2509.566334575907,
    "day_6_hour_4": 2424.434968019741,
    "day_6_hour_5": 5023.380148623957,
    "day_6_hour_6": 5140.05801239641,
    "day_6_hour_7": 5072.5116535211855,
    "day_6_hour_8": 4938.1659466883075,
    "day_6_hour_9": 5148.54293720673,
    "day_6_hour_10": 4854.922742163483,
    "day_6_hour_11": 5056.465042576187,
    "day_6_hour_12": 5009.945693205241,
    "day_6_hour_13": 4801.074336480939,
    "day_6_hour_14": 4834.339815668257,
    "day_6_hour_15": 5093.036073530118,
    "day_6_hour_16": 4974.7577145027835,
    "day_6_hour_17": 5057.887286448265,
    "day_6_hour_18": 4969.746489409976,
    "day_6_hour_19": 4834.155868091336,
    "day_6_hour_20": 5040.02279432405,
    "day_6_hour_21": 2364.71452239383,
    "day_6_hour_22": 2496.2487875305983,
    "day_6_hour_23": 2406.961310970512
}