{
    "day_0_hour_0": -1062.7000529194527,
    "day_0_hour_1": -1082.8781022776861,
    "day_0_hour_2": -1073.152002248236,
    "day_0_hour_3": -1059.9324975452832,
    "day_0_hour_4": -1087.8211878889947,
    "day_0_hour_5": -949.1190977451209,
    "day_0_hour_6": -867.719783805063,
    "day_0_hour_7": -1907.6403284654875,
    "day_0_hour_8": -2017.791471299942,
    "day_0_hour_9": -1992.3388550063162,
    "day_0_hour_10": -2131.098018575834,
    "day_0_hour_11": -1916.3303429721407,
    "day_0_hour_12": -2022.8810089275576,
    "day_0_hour_13": -2129.9376706964827,
    "day_0_hour_14": -2105.0358343082016,
    "day_0_hour_15": -1929.1157032490416,
    "day_0_hour_16": -2053.4831838150462,
    "day_0_hour_17": -925.762687976403,
    "day_0_hour_18": -1059.0957033446116,
    "day_0_hour_19": -1030.3093402669024,
    "day_0_hour_20": -1049.7592227712666,
    "day_0_hour_21": -1128.7291463125125,
    "day_0_hour_22": -1043.6283746782312,
    "day_0_hour_23": -1066.2816731237967,
    "day_1_hour_0": -969.0034776876084,
    "day_1_hour_1": -1070.30029909957,
    "day_1_hour_2": -980.9581328817476,
    "day_1_hour_3": -1027.3478031415393,
    "day_1_hour_4": -1055.3261981430078,
    "day_1_hour_5": -1028.0478435863656,
    "day_1_hour_6": -1067.0234084127164,
    "day_1_hour_7": -2025.5664935034806,
    "day_1_hour_8": -2079.003052185947,
    "day_1_hour_9": -2041.939271173093,
    "day_1_hour_10": -1933.7612085497772,
    "day_1_hour_11": -1939.6456397691777,
    "day_1_hour_12": -2038.555978439036,
    "day_1_hour_13": -2054.85899296309,
    "day_1_hour_14": -1916.7658671624129,
    "day_1_hour_15": -1948.4737946927678,
    "day_1_hour_16": -2035.629147356566,
    "day_1_hour_17": -847.6126945414144,
    "day_1_hour_18": -872.6206965488688,
    "day_1_hour_19": -962.9431937916131,
    "day_1_hour_20": -1035.1547418808652,
    "day_1_hour_21": -1044.8611611114743,
    "day_1_hour_22": -1127.0730465860365,
    "day_1_hour_23": -956.8914573632686,
    "day_2_hour_0": -988.510230238838,
    "day_2_hour_1": -1132.2085009992777,
    "day_2_hour_2": -1033.2042545075067,
    "day_2_hour_3": -923.8260069565546,
    "day_2_hour_4": -909.1432152556379,
    "day_2_hour_5": -1097.9613633434233,
    "day_2_hour_6": -950.7307553213686,
    "day_2_hour_7": -2010.5167742410213,
    "day_2_hour_8": -2115.254696777825,
    "day_2_hour_9": -1843.668277591453,
    "day_2_hour_10": -1894.3218588100121,
    "day_2_hour_11": -2075.0308645077826,
    "day_2_hour_12": -2051.9258319327073,
    "day_2_hour_13": -2010.5139132329234,
    "day_2_hour_14": -2118.4084139531183,
    "day_2_hour_15": -2011.0968220411837,
    "day_2_hour_16": -2094.0436873283343,
    "day_2_hour_17": -970.54231368338,
    "day_2_hour_18": -849.5571803553881,
    "day_2_hour_19": -824.9904043492722,
    "day_2_hour_20": -1145.1007556262673,
    "day_2_hour_21": -1053.3797201213122,
    "day_2_hour_22": -1046.5369714061903,
    "day_2_hour_23": -997.478153702246,
    "day_3_hour_0": -1023.6218293861098,
    "day_3_hour_1": -863.2394378853601,
    "day_3_hour_2": -1144.086459640011,
    "day_3_hour_3": -914.6615175042803,
    "day_3_hour_4": -1115.4433551029401,
    "day_3_hour_5": -988.5559839154553,
    "day_3_hour_6": -970.9044328269783,
    "day_3_hour_7": -2055.9345912963377,
    "day_3_hour_8": -1836.059970848769,
    "day_3_hour_9": -1943.7005248467049,
    "day_3_hour_10": -1953.1526812534967,
    "day_3_hour_11": -2019.1367079636775,
    "day_3_hour_12": -1789.7626832227152,
    "day_3_hour_13": -1928.5017383249533,
    "day_3_hour_14": -2039.068287975581,
    "day_3_hour_15": -1983.0784729508673,
    "day_3_hour_16": -1906.9246639624434,
    "day_3_hour_17": -924.605418484306,
    "day_3_hour_18": -969.324326941397,
    "day_3_hour_19": -904.0342947447043,
    "day_3_hour_20": -1042.021700694961,
    "day_3_hour_21": -1156.2345352432503,
    "day_3_hour_22": -1263.0463632971564,
    "day_3_hour_23": -1207.491713709083,
    "day_4_hour_0": -973.4433046063891,
    "day_4_hour_1": -1059.567548908331,
    "day_4_hour_2": -799.5256133612106,
    "day_4_hour_3": -1011.7497936055524,
    "day_4_hour_4": -990.6682389976208,
    "day_4_hour_5": -989.6605195568059,
    "day_4_hour_6": -1068.9306432959693,
    "day_4_hour_7": -2176.917091130454,
    "day_4_hour_8": -2019.6388379738,
    "day_4_hour_9": -1906.1183259385375,
    "day_4_hour_10": -2025.4199596761619,
    "day_4_hour_11": -1975.4011711664066,
    "day_4_hour_12": -2028.3945393944396,
    "day_4_hour_13": -2056.5239645696656,
    "day_4_hour_14": -1951.8309452297672,
    "day_4_hour_15": -2061.1243038331545,
    "day_4_hour_16": -2011.536228376976,
    "day_4_hour_17": -860.4037055491981,
    "day_4_hour_18": -909.4007007086129,
    "day_4_hour_19": -987.8620905856437,
    "day_4_hour_20": -983.8939448414931,
    "day_4_hour_21": -1107.2625482244111,
    "day_4_hour_22": -882.8597701208973,
    "day_4_hour_23": -905.3601273468012,
    "day_5_hour_0": -872.0909959268542,
    "day_5_hour_1": -1153.9272486732943,
    "day_5_hour_2": -1017.4291032513474,
    "day_5_hour_3": -1160.92584050698,
    "day_5_hour_4": -899.1028808969427,
    "day_5_hour_5": -791.5243603363165,
    "day_5_hour_6": -1151.285548843654,
    "day_5_hour_7": -1975.78385473343,
    "day_5_hour_8": -1963.5542353874453,
    "day_5_hour_9": -2042.20134013601,
    "day_5_hour_10": -2056.7869493721946,
    "day_5_hour_11": -2009.9578572544415,
    "day_5_hour_12": -2079.93146441484,
    "day_5_hour_13": -2029.4544441509024,
    "day_5_hour_14": -2086.8571613001614,
    "day_5_hour_15": -2071.834763317409,
    "day_5_hour_16": -2132.7565323894532,
    "day_5_hour_17": -858.4419170081464,
    "day_5_hour_18": -826.1720762352115,
    "day_5_hour_19": -1178.7307348972136,
    "day_5_hour_20": -944.7314392628004,
    "day_5_hour_21": -942.8261656677796,
    "day_5_hour_22": -1072.1585136137383,
    "day_5_hour_23": -882.5654622281868,
    "day_6_hour_0": -963.677648922649,
    "day_6_hour_1": -933.2000784004517,
    "day_6_hour_2": -984.4481064517995,
    "day_6_hour_3": -998.4712053018266,
    "day_6_hour_4": -991.0672449463636,
    "day_6_hour_5": -1127.103085084981,
    "day_6_hour_6": -874.9276939079173,
    "day_6_hour_7": -2040.301220723531,
    "day_6_hour_8": -1944.097891480013,
    "day_6_hour_9": -1915.7537303781314,
    "day_6_hour_10": -2016.7518045241777,
    "day_6_hour_11": -1864.3190207687403,
    "day_6_hour_12": -1981.8268284793785,
    "day_6_hour_13": -2107.424941722231,
    "day_6_hour_14": -1927.141090832446,
    "day_6_hour_15": -1927.814921242617,
    "day_6_hour_16": -2105.03268950894,
    "day_6_hour_17": -933.423916869252,
    "day_6_hour_18": -999.2123332322572,
    "day_6_hour_19": -1079.8371716109596,
    "day_6_hour_20": -1034.280578671167,
    "day_6_hour_21": -863.1728646091506,
    "day_6_hour_22": -917.7651243954633,
    "day_6_hour_23": -988.0342697282881
}