{
    "day_0_hour_0": 627.9090040731458,
    "day_0_hour_1": 346.07275132670566,
    "day_0_hour_2": 482.57089674865256,
    "day_0_hour_3": 339.07415949302003,
    "day_0_hour_4": 600.8971191030573,
    "day_0_hour_5": 708.4756396636835,
    "day_0_hour_6": 348.7144511563474,
    "day_0_hour_7": 1024.2161452665691,
    "day_0_hour_8": 1036.4457646125547,
    "day_0_hour_9": 957.7986598639909,
    "day_0_hour_10": 943.2130506278054,
    "day_0_hour_11": 990.0421427455585,
    "day_0_hour_12": 920.068535585161,
    "day_0_hour_13": 970.5455558490976,
    "day_0_hour_14": 913.1428386998386,
    "day_0_hour_15": 928.1652366825911,
    "day_0_hour_16": 867.2434676105468,
    "day_0_hour_17": 641.5580829918536,
    "day_0_hour_18": 673.8279237647885,
    "day_0_hour_19": 321.26926510278645,
    "day_0_hour_20": 555.2685607371996,
    "day_0_hour_21": 557.1738343322195,
    "day_0_hour_22": 427.84148638626266,
    "day_0_hour_23": 617.4345377718141,
    "day_1_hour_0": 536.3223510773514,
    "day_1_hour_1": 566.7999215995474,
    "day_1_hour_2": 515.5518935482014,
    "day_1_hour_3": 501.52879469817344,
    "day_1_hour_4": 508.9327550536359,
    "day_1_hour_5": 372.896914915018,
    "day_1_hour_6": 625.07230609208,
    "day_1_hour_7": 959.6987792764694,
    "day_1_hour_8": 1055.9021085199884,
    "day_1_hour_9": 1084.2462696218681,
    "day_1_hour_10": 983.2481954758232,
    "day_1_hour_11": 1135.6809792312597,
    "day_1_hour_12": 1018.1731715206206,
    "day_1_hour_13": 892.5750582777682,
    "day_1_hour_14": 1072.858909167554,
    "day_1_hour_15": 1072.185078757383,
    "day_1_hour_16": 894.9673104910598,
    "day_1_hour_17": 566.576083130748,
    "day_1_hour_18": 500.78766676774285,
    "day_1_hour_19": 420.16282838904044,
    "day_1_hour_20": 465.71942132883396,
    "day_1_hour_21": 636.8271353908494,
    "day_1_hour_22": 582.2348756045367,
    "day_1_hour_23": 511.96573027171235,
    "day_2_hour_0": 437.29994708054767,
    "day_2_hour_1": 417.1218977223143,
    "day_2_hour_2": 426.8479977517636,
    "day_2_hour_3": 440.0675024547163,
    "day_2_hour_4": 412.1788121110054,
    "day_2_hour_5": 550.8809022548779,
    "day_2_hour_6": 632.2802161949378,
    "day_2_hour_7": 1092.3596715345132,
    "day_2_hour_8": 982.2085287000573,
    "day_2_hour_9": 1007.6611449936848,
    "day_2_hour_10": 868.9019814241652,
    "day_2_hour_11": 1083.6696570278593,
    "day_2_hour_12": 977.1189910724431,
    "day_2_hour_13": 870.0623293035169,
    "day_2_hour_14": 894.9641656917981,
    "day_2_hour_15": 1070.884296750959,
    "day_2_hour_16": 946.5168161849542,
    "day_2_hour_17": 574.237312023597,
    "day_2_hour_18": 440.9042966553883,
    "day_2_hour_19": 469.69065973309773,
    "day_2_hour_20": 450.24077722873335,
    "day_2_hour_21": 371.2708536874867,
    "day_2_hour_22": 456.3716253217681,
    "day_2_hour_23": 433.7183268762034,
    "day_3_hour_0": 530.9965223123927,
    "day_3_hour_1": 429.6997009004299,
    "day_3_hour_2": 519.0418671182513,
    "day_3_hour_3": 472.65219685846057,
    "day_3_hour_4": 444.6738018569937,
    "day_3_hour_5": 471.95215641363285,
    "day_3_hour_6": 432.97659158728493,
    "day_3_hour_7": 974.4335064965192,
    "day_3_hour_8": 920.9969478140526,
    "day_3_hour_9": 958.0607288269072,
    "day_3_hour_10": 1066.2387914502228,
    "day_3_hour_11": 1060.3543602308223,
    "day_3_hour_12": 961.4440215609633,
    "day_3_hour_13": 945.14100703691,
    "day_3_hour_14": 1083.2341328375871,
    "day_3_hour_15": 1051.5262053072322,
    "day_3_hour_16": 964.3708526434341,
    "day_3_hour_17": 652.3873054585856,
    "day_3_hour_18": 627.3793034511312,
    "day_3_hour_19": 537.0568062083869,
    "day_3_hour_20": 464.8452581191348,
    "day_3_hour_21": 455.1388388885251,
    "day_3_hour_22": 372.92695341396393,
    "day_3_hour_23": 543.1085426367296,
    "day_4_hour_0": 511.4897697611617,
    "day_4_hour_1": 367.7914990007219,
    "day_4_hour_2": 466.7957454924934,
    "day_4_hour_3": 576.1739930434451,
    "day_4_hour_4": 590.8567847443625,
    "day_4_hour_5": 402.038636656577,
    "day_4_hour_6": 549.269244678632,
    "day_4_hour_7": 989.4832257589784,
    "day_4_hour_8": 884.7453032221754,
    "day_4_hour_9": 1156.331722408547,
    "day_4_hour_10": 1105.6781411899879,
    "day_4_hour_11": 924.9691354922179,
    "day_4_hour_12": 948.0741680672916,
    "day_4_hour_13": 989.4860867670766,
    "day_4_hour_14": 881.591586046882,
    "day_4_hour_15": 988.9031779588164,
    "day_4_hour_16": 905.9563126716654,
    "day_4_hour_17": 529.4576863166192,
    "day_4_hour_18": 650.4428196446127,
    "day_4_hour_19": 675.0095956507278,
    "day_4_hour_20": 354.8992443737319,
    "day_4_hour_21": 446.6202798786879,
    "day_4_hour_22": 453.46302859380955,
    "day_4_hour_23": 502.52184629775365,
    "day_5_hour_0": 476.3781706138916,
    "day_5_hour_1": 636.7605621146404,
    "day_5_hour_2": 355.9135403599885,
    "day_5_hour_3": 585.3384824957207,
    "day_5_hour_4": 384.5566448970594,
    "day_5_hour_5": 511.44401608454564,
    "day_5_hour_6": 529.0955671730217,
    "day_5_hour_7": 944.0654087036628,
    "day_5_hour_8": 1163.940029151231,
    "day_5_hour_9": 1056.2994751532951,
    "day_5_hour_10": 1046.8473187465033,
    "day_5_hour_11": 980.8632920363216,
    "day_5_hour_12": 1210.2373167772848,
    "day_5_hour_13": 1071.4982616750467,
    "day_5_hour_14": 960.9317120244186,
    "day_5_hour_15": 1016.9215270491331,
    "day_5_hour_16": 1093.0753360375566,
    "day_5_hour_17": 575.394581515694,
    "day_5_hour_18": 530.675673058603,
    "day_5_hour_19": 595.9657052552957,
    "day_5_hour_20": 457.9782993050394,
    "day_5_hour_21": 343.76546475674877,
    "day_5_hour_22": 236.95363670284314,
    "day_5_hour_23": 292.50828629091757,
    "day_6_hour_0": 526.5566953936109,
    "day_6_hour_1": 440.432451091669,
    "day_6_hour_2": 700.4743866387894,
    "day_6_hour_3": 488.25020639444756,
    "day_6_hour_4": 509.33176100237915,
    "day_6_hour_5": 510.33948044319413,
    "day_6_hour_6": 431.0693567040307,
    "day_6_hour_7": 823.0829088695446,
    "day_6_hour_8": 980.3611620262,
    "day_6_hour_9": 1093.8816740614639,
    "day_6_hour_10": 974.5800403238381,
    "day_6_hour_11": 1024.5988288335939,
    "day_6_hour_12": 971.6054606055604,
    "day_6_hour_13": 943.4760354303344,
    "day_6_hour_14": 1048.1690547702337,
    "day_6_hour_15": 938.875696166846,
    "day_6_hour_16": 988.4637716230236,
    "day_6_hour_17": 639.596294450801,
    "day_6_hour_18": 590.5992992913871,
    "day_6_hour_19": 512.1379094143558,
    "day_6_hour_20": 516.106055158506,
    "day_6_hour_21": 392.73745177558976,
    "day_6_hour_22": 617.1402298791027,
    "day_6_hour_23": 594.6398726531988
}