{
    "day_0_hour_0": 1127.9090040731471,
    "day_0_hour_1": 846.0727513267047,
    "day_0_hour_2": 982.5708967486516,
    "day_0_hour_3": 839.0741594930205,
    "day_0_hour_4": 1100.8971191030578,
    "day_0_hour_5": 1208.4756396636822,
    "day_0_hour_6": 848.7144511563474,
    "day_0_hour_7": 2024.2161452665696,
    "day_0_hour_8": 2036.4457646125547,
    "day_0_hour_9": 1957.798659863991,
    "day_0_hour_10": 1943.2130506278054,
    "day_0_hour_11": 1990.0421427455585,
    "day_0_hour_12": 1920.068535585161,
    "day_0_hour_13": 1970.5455558490976,
    "day_0_hour_14": 1913.1428386998386,
    "day_0_hour_15": 1928.165236682591,
    "day_0_hour_16": 1867.2434676105468,
    "day_0_hour_17": 1141.5580829918536,
    "day_0_hour_18": 1173.8279237647885,
    "day_0_hour_19": 821.2692651027864,
    "day_0_hour_20": 1055.2685607371996,
    "day_0_hour_21": 1057.1738343322195,
    "day_0_hour_22": 927.8414863862627,
    "day_0_hour_23": 1117.4345377718146,
    "day_1_hour_0": 1036.3223510773514,
    "day_1_hour_1": 1066.7999215995478,
    "day_1_hour_2": 1015.5518935482014,
    "day_1_hour_3": 1001.5287946981744,
    "day_1_hour_4": 1008.9327550536345,
    "day_1_hour_5": 872.8969149150189,
    "day_1_hour_6": 1125.07230609208,
    "day_1_hour_7": 1959.6987792764694,
    "day_1_hour_8": 2055.9021085199884,
    "day_1_hour_9": 2084.246269621868,
    "day_1_hour_10": 1983.2481954758232,
    "day_1_hour_11": 2135.6809792312597,
    "day_1_hour_12": 2018.1731715206206,
    "day_1_hour_13": 1892.5750582777682,
    "day_1_hour_14": 2072.858909167554,
    "day_1_hour_15": 2072.185078757383,
    "day_1_hour_16": 1894.9673104910598,
    "day_1_hour_17": 1066.576083130748,
    "day_1_hour_18": 1000.7876667677428,
    "day_1_hour_19": 920.1628283890404,
    "day_1_hour_20": 965.719421328834,
    "day_1_hour_21": 1136.8271353908494,
    "day_1_hour_22": 1082.2348756045367,
    "day_1_hour_23": 1011.9657302717123,
    "day_2_hour_0": 938.7593135547004,
    "day_2_hour_1": 914.9744154526825,
    "day_2_hour_2": 978.9355819255961,
    "day_2_hour_3": 963.9752124479392,
    "day_2_hour_4": 945.7523074120472,
    "day_2_hour_5": 975.9876056474159,
    "day_2_hour_6": 1118.5663505862994,
    "day_2_hour_7": 2051.871834668432,
    "day_2_hour_8": 1941.6770576729105,
    "day_2_hour_9": 2066.029019802968,
    "day_2_hour_10": 1862.3534900941959,
    "day_2_hour_11": 2080.1183432234284,
    "day_2_hour_12": 2032.5051292851504,
    "day_2_hour_13": 1801.9279901207765,
    "day_2_hour_14": 1880.7214770226547,
    "day_2_hour_15": 2107.346411316179,
    "day_2_hour_16": 1897.5980218210188,
    "day_2_hour_17": 1070.583474455194,
    "day_2_hour_18": 944.1786791101895,
    "day_2_hour_19": 904.1468344981595,
    "day_2_hour_20": 991.8541379159115,
    "day_2_hour_21": 808.2917867621454,
    "day_2_hour_22": 915.8094687537905,
    "day_2_hour_23": 932.6252305609532,
    "day_3_hour_0": 1022.439001778384,
    "day_3_hour_1": 974.6803049448022,
    "day_3_hour_2": 977.6009829374707,
    "day_3_hour_3": 975.0603528952247,
    "day_3_hour_4": 956.9784033471929,
    "day_3_hour_5": 912.4897342251979,
    "day_3_hour_6": 951.437924011243,
    "day_3_hour_7": 2038.4649479388263,
    "day_3_hour_8": 1979.0776434437612,
    "day_3_hour_9": 1917.275413466352,
    "day_3_hour_10": 2146.819956937593,
    "day_3_hour_11": 1987.7032411893097,
    "day_3_hour_12": 2055.9014973453914,
    "day_3_hour_13": 1846.6034403816357,
    "day_3_hour_14": 2093.491792686853,
    "day_3_hour_15": 2069.24341222756,
    "day_3_hour_16": 1982.70952014474,
    "day_3_hour_17": 1170.527326105629,
    "day_3_hour_18": 1161.105864435157,
    "day_3_hour_19": 991.1559136596579,
    "day_3_hour_20": 950.3451902158167,
    "day_3_hour_21": 936.4084605375638,
    "day_3_hour_22": 859.3393023781473,
    "day_3_hour_23": 1056.7329594819666,
    "day_4_hour_0": 998.9721237568492,
    "day_4_hour_1": 920.2477933837349,
    "day_4_hour_2": 1025.9039529709025,
    "day_4_hour_3": 1058.054286603171,
    "day_4_hour_4": 1105.0277090240552,
    "day_4_hour_5": 886.7474626383546,
    "day_4_hour_6": 1060.6648591950197,
    "day_4_hour_7": 1969.4749469306398,
    "day_4_hour_8": 1882.9196130431874,
    "day_4_hour_9": 2234.329889280799,
    "day_4_hour_10": 2122.3054137326008,
    "day_4_hour_11": 1955.1300582460244,
    "day_4_hour_12": 1914.6800722983917,
    "day_4_hour_13": 2071.986788670738,
    "day_4_hour_14": 1800.5317006923206,
    "day_4_hour_15": 1962.4990983278685,
    "day_4_hour_16": 1869.6439041238891,
    "day_4_hour_17": 987.6875586984979,
    "day_4_hour_18": 1104.7798023326359,
    "day_4_hour_19": 1168.0434913125027,
    "day_4_hour_20": 910.6677670337476,
    "day_4_hour_21": 997.2541981851446,
    "day_4_hour_22": 973.0697146270459,
    "day_4_hour_23": 1001.8477553616503,
    "day_5_hour_0": 976.3781706138916,
    "day_5_hour_1": 1136.7605621146404,
    "day_5_hour_2": 855.9135403599876,
    "day_5_hour_3": 1085.338482495721,
    "day_5_hour_4": 884.5566448970603,
    "day_5_hour_5": 1011.4440160845452,
    "day_5_hour_6": 1029.0955671730217,
    "day_5_hour_7": 1944.0654087036628,
    "day_5_hour_8": 2163.940029151231,
    "day_5_hour_9": 2056.299475153295,
    "day_5_hour_10": 2046.8473187465033,
    "day_5_hour_11": 1980.8632920363216,
    "day_5_hour_12": 2210.237316777285,
    "day_5_hour_13": 2071.4982616750467,
    "day_5_hour_14": 1960.9317120244186,
    "day_5_hour_15": 2016.9215270491331,
    "day_5_hour_16": 2093.0753360375566,
    "day_5_hour_17": 1075.394581515694,
    "day_5_hour_18": 1030.675673058603,
    "day_5_hour_19": 1095.9657052552957,
    "day_5_hour_20": 957.9782993050394,
    "day_5_hour_21": 843.7654647567488,
    "day_5_hour_22": 736.9536367028431,
    "day_5_hour_23": 792.5082862909167,
    "day_6_hour_0": 1026.5566953936122,
    "day_6_hour_1": 940.4324510916695,
    "day_6_hour_2": 1200.4743866387898,
    "day_6_hour_3": 988.2502063944485,
    "day_6_hour_4": 1009.3317610023787,
    "day_6_hour_5": 1010.3394804431955,
    "day_6_hour_6": 931.0693567040307,
    "day_6_hour_7": 1823.0829088695455,
    "day_6_hour_8": 1980.3611620262,
    "day_6_hour_9": 2093.881674061464,
    "day_6_hour_10": 1974.5800403238381,
    "day_6_hour_11": 2024.5988288335939,
    "day_6_hour_12": 1971.6054606055604,
    "day_6_hour_13": 1943.4760354303344,
    "day_6_hour_14": 2048.1690547702337,
    "day_6_hour_15": 1938.875696166846,
    "day_6_hour_16": 1988.4637716230236,
    "day_6_hour_17": 1139.596294450801,
    "day_6_hour_18": 1090.599299291387,
    "day_6_hour_19": 1012.1379094143558,
    "day_6_hour_20": 1016.106055158506,
    "day_6_hour_21": 892.7374517755889,
    "day_6_hour_22": 1117.1402298791036,
    "day_6_hour_23": 1094.6398726531988
}