{
    "day_0_hour_0": -562.7000529194527,
    "day_0_hour_1": -582.8781022776857,
    "day_0_hour_2": -573.152002248236,
    "day_0_hour_3": -559.9324975452834,
    "day_0_hour_4": -587.8211878889946,
    "day_0_hour_5": -449.1190977451221,
    "day_0_hour_6": -367.71978380506226,
    "day_0_hour_7": -907.6403284654868,
    "day_0_hour_8": -1017.7914712999427,
    "day_0_hour_9": -992.3388550063152,
    "day_0_hour_10": -1131.0980185758349,
    "day_0_hour_11": -916.3303429721407,
    "day_0_hour_12": -1022.8810089275569,
    "day_0_hour_13": -1129.937670696483,
    "day_0_hour_14": -1105.0358343082019,
    "day_0_hour_15": -929.1157032490416,
    "day_0_hour_16": -1053.4831838150453,
    "day_0_hour_17": -425.76268797640296,
    "day_0_hour_18": -559.0957033446114,
    "day_0_hour_19": -530.3093402669026,
    "day_0_hour_20": -549.7592227712663,
    "day_0_hour_21": -628.729146312513,
    "day_0_hour_22": -543.6283746782323,
    "day_0_hour_23": -566.2816731237974,
    "day_1_hour_0": -469.0034776876084,
    "day_1_hour_1": -570.3002990995701,
    "day_1_hour_2": -480.9581328817476,
    "day_1_hour_3": -527.3478031415394,
    "day_1_hour_4": -555.3261981430078,
    "day_1_hour_5": -528.0478435863657,
    "day_1_hour_6": -567.0234084127154,
    "day_1_hour_7": -1025.5664935034815,
    "day_1_hour_8": -1079.0030521859467,
    "day_1_hour_9": -1041.9392711730925,
    "day_1_hour_10": -933.7612085497782,
    "day_1_hour_11": -939.6456397691782,
    "day_1_hour_12": -1038.5559784390364,
    "day_1_hour_13": -1054.8589929630896,
    "day_1_hour_14": -916.7658671624137,
    "day_1_hour_15": -948.4737946927678,
    "day_1_hour_16": -1035.629147356566,
    "day_1_hour_17": -347.6126945414144,
    "day_1_hour_18": -372.62069654886875,
    "day_1_hour_19": -462.94319379161317,
    "day_1_hour_20": -535.1547418808652,
    "day_1_hour_21": -544.861161111475,
    "day_1_hour_22": -627.0730465860349,
    "day_1_hour_23": -456.8914573632686,
    "day_2_hour_0": -501.02787624315033,
    "day_2_hour_1": -579.752206616266,
    "day_2_hour_2": -474.09604702909746,
    "day_2_hour_3": -441.945713396829,
    "day_2_hour_4": -394.97229097594527,
    "day_2_hour_5": -613.252537361645,
    "day_2_hour_6": -439.33514080497935,
    "day_2_hour_7": -1030.5250530693606,
    "day_2_hour_8": -1117.0803869568153,
    "day_2_hour_9": -765.6701107192025,
    "day_2_hour_10": -877.6945862674002,
    "day_2_hour_11": -1044.8699417539742,
    "day_2_hour_12": -1085.3199277016092,
    "day_2_hour_13": -928.0132113292634,
    "day_2_hour_14": -1199.4682993076817,
    "day_2_hour_15": -1037.500901672132,
    "day_2_hour_16": -1130.3560958761109,
    "day_2_hour_17": -512.312441301503,
    "day_2_hour_18": -395.2201976673641,
    "day_2_hour_19": -331.95650868749726,
    "day_2_hour_20": -589.3322329662533,
    "day_2_hour_21": -502.74580181485317,
    "day_2_hour_22": -526.9302853729532,
    "day_2_hour_23": -498.1522446383492,
    "day_3_hour_0": -523.6218293861098,
    "day_3_hour_1": -363.2394378853601,
    "day_3_hour_2": -644.0864596400111,
    "day_3_hour_3": -414.66151750428025,
    "day_3_hour_4": -615.4433551029401,
    "day_3_hour_5": -488.55598391545436,
    "day_3_hour_6": -470.9044328269788,
    "day_3_hour_7": -1055.934591296338,
    "day_3_hour_8": -836.0599708487694,
    "day_3_hour_9": -943.7005248467044,
    "day_3_hour_10": -953.1526812534971,
    "day_3_hour_11": -1019.1367079636784,
    "day_3_hour_12": -789.7626832227161,
    "day_3_hour_13": -928.5017383249533,
    "day_3_hour_14": -1039.0682879755823,
    "day_3_hour_15": -983.0784729508669,
    "day_3_hour_16": -906.9246639624434,
    "day_3_hour_17": -424.605418484306,
    "day_3_hour_18": -469.324326941397,
    "day_3_hour_19": -404.0342947447043,
    "day_3_hour_20": -542.0217006949606,
    "day_3_hour_21": -656.2345352432512,
    "day_3_hour_22": -763.0463632971564,
    "day_3_hour_23": -707.4917137090824,
    "day_4_hour_0": -473.4433046063896,
    "day_4_hour_1": -559.567548908331,
    "day_4_hour_2": -299.5256133612106,
    "day_4_hour_3": -511.74979360555244,
    "day_4_hour_4": -490.6682389976213,
    "day_4_hour_5": -489.6605195568045,
    "day_4_hour_6": -568.9306432959693,
    "day_4_hour_7": -1176.9170911304545,
    "day_4_hour_8": -1019.6388379738,
    "day_4_hour_9": -906.1183259385361,
    "day_4_hour_10": -1025.4199596761619,
    "day_4_hour_11": -975.4011711664061,
    "day_4_hour_12": -1028.3945393944396,
    "day_4_hour_13": -1056.5239645696656,
    "day_4_hour_14": -951.8309452297663,
    "day_4_hour_15": -1061.124303833154,
    "day_4_hour_16": -1011.5362283769764,
    "day_4_hour_17": -360.403705549199,
    "day_4_hour_18": -409.40070070861293,
    "day_4_hour_19": -487.8620905856442,
    "day_4_hour_20": -483.893944841494,
    "day_4_hour_21": -607.2625482244111,
    "day_4_hour_22": -382.8597701208964,
    "day_4_hour_23": -405.36012734680116,
    "day_5_hour_0": -372.09099592685425,
    "day_5_hour_1": -653.9272486732943,
    "day_5_hour_2": -517.4291032513474,
    "day_5_hour_3": -660.92584050698,
    "day_5_hour_4": -399.1028808969427,
    "day_5_hour_5": -291.52436033631693,
    "day_5_hour_6": -651.2855488436526,
    "day_5_hour_7": -975.7838547334304,
    "day_5_hour_8": -963.5542353874453,
    "day_5_hour_9": -1042.201340136009,
    "day_5_hour_10": -1056.7869493721946,
    "day_5_hour_11": -1009.9578572544415,
    "day_5_hour_12": -1079.931464414839,
    "day_5_hour_13": -1029.4544441509024,
    "day_5_hour_14": -1086.8571613001614,
    "day_5_hour_15": -1071.834763317409,
    "day_5_hour_16": -1132.7565323894532,
    "day_5_hour_17": -358.44191700814645,
    "day_5_hour_18": -326.17207623521153,
    "day_5_hour_19": -678.7307348972136,
    "day_5_hour_20": -444.73143926280045,
    "day_5_hour_21": -442.8261656677805,
    "day_5_hour_22": -572.1585136137373,
    "day_5_hour_23": -382.56546222818724,
    "day_6_hour_0": -463.67764892264904,
    "day_6_hour_1": -433.20007840045173,
    "day_6_hour_2": -484.4481064517995,
    "day_6_hour_3": -498.47120530182656,
    "day_6_hour_4": -491.06724494636364,
    "day_6_hour_5": -627.103085084982,
    "day_6_hour_6": -374.92769390792,
    "day_6_hour_7": -1040.3012207235306,
    "day_6_hour_8": -944.0978914800116,
    "day_6_hour_9": -915.7537303781319,
    "day_6_hour_10": -1016.7518045241768,
    "day_6_hour_11": -864.3190207687403,
    "day_6_hour_12": -981.8268284793794,
    "day_6_hour_13": -1107.4249417222318,
    "day_6_hour_14": -927.141090832446,
    "day_6_hour_15": -927.814921242617,
    "day_6_hour_16": -1105.0326895089402,
    "day_6_hour_17": -433.423916869252,
    "day_6_hour_18": -499.21233323225715,
    "day_6_hour_19": -579.8371716109596,
    "day_6_hour_20": -534.280578671166,
    "day_6_hour_21": -363.17286460915057,
    "day_6_hour_22": -417.7651243954633,
    "day_6_hour_23": -488.03426972828856
}