{
    "day_0_hour_0": -63.85018379607027,
    "day_0_hour_1": -124.3209354265673,
    "day_0_hour_2": 55.40084722190295,
    "day_0_hour_3": 13.035561807978592,
    "day_0_hour_4": -25.470777411418748,
    "day_0_hour_5": -6.390497185894492,
    "day_0_hour_6": 78.14186545391567,
    "day_0_hour_7": -4.9642415951348084,
    "day_0_hour_8": -114.58398707490196,
    "day_0_hour_9": 104.09448108017895,
    "day_0_hour_10": -141.85477917509996,
    "day_0_hour_11": -45.10363906011262,
    "day_0_hour_12": 77.99909877788305,
    "day_0_hour_13": -115.16626704197988,
    "day_0_hour_14": -37.71563376808481,
    "day_0_hour_15": 82.6790023018344,
    "day_0_hour_16": -69.86536402167476,
    "day_0_hour_17": -22.55098526389629,
    "day_0_hour_18": -21.64797712763102,
    "day_0_hour_19": -118.17594246784647,
    "day_0_hour_20": -24.70154912383805,
    "day_0_hour_21": -92.19082664851666,
    "day_0_hour_22": 56.24315618137116,
    "day_0_hour_23": -104.82889220310571,
    "day_1_hour_0": -32.09334163270505,
    "day_1_hour_1": 16.7053247241176,
    "day_1_hour_2": 57.82302721308842,
    "day_1_hour_3": 13.127886491125537,
    "day_1_hour_4": 35.4408749915292,
    "day_1_hour_5": -25.120274124582284,
    "day_1_hour_6": 8.081688914407277,
    "day_1_hour_7": -9.827884458780318,
    "day_1_hour_8": 18.86441591643961,
    "day_1_hour_9": -44.71246611772658,
    "day_1_hour_10": 95.35186607487194,
    "day_1_hour_11": -74.13145557914613,
    "day_1_hour_12": 50.61069048128993,
    "day_1_hour_13": -154.14336912059588,
    "day_1_hour_14": -28.810629133757903,
    "day_1_hour_15": -62.637235132568456,
    "day_1_hour_16": 74.85725956335155,
    "day_1_hour_17": 101.69827523427811,
    "day_1_hour_18": 216.24528610885608,
    "day_1_hour_19": -105.3063047268297,
    "day_1_hour_20": -91.31725826039838,
    "day_1_hour_21": -9.39018145952141,
    "day_1_hour_22": -80.1261682424396,
    "day_1_hour_23": -31.286878429751958,
    "day_2_hour_0": -69.22903670078522,
    "day_2_hour_1": -117.72918217724146,
    "day_2_hour_2": -12.835731389241847,
    "day_2_hour_3": 115.47694634428663,
    "day_2_hour_4": 144.8379539504509,
    "day_2_hour_5": -79.87717913878551,
    "day_2_hour_6": -5.352182057977916,
    "day_2_hour_7": -41.337427482859496,
    "day_2_hour_8": -71.03543858553385,
    "day_2_hour_9": 36.708827937271415,
    "day_2_hour_10": 106.23401309272958,
    "day_2_hour_11": -32.49547323624866,
    "day_2_hour_12": -143.168081464852,
    "day_2_hour_13": 57.34747566728474,
    "day_2_hour_14": -48.36830412943091,
    "day_2_hour_15": -28.10703534619388,
    "day_2_hour_16": -48.99439460009016,
    "day_2_hour_17": 95.06042847017598,
    "day_2_hour_18": 78.79718373119249,
    "day_2_hour_19": 70.66646950085632,
    "day_2_hour_20": -59.69967075140448,
    "day_2_hour_21": -56.05370241012206,
    "day_2_hour_22": -84.8027146098444,
    "day_2_hour_23": 54.399579166422335,
    "day_3_hour_0": -23.621829386109766,
    "day_3_hour_1": 136.76056211463992,
    "day_3_hour_2": 38.81629581584775,
    "day_3_hour_3": 169.49756806823234,
    "day_3_hour_4": -52.03164275699055,
    "day_3_hour_5": -22.873676258156138,
    "day_3_hour_6": 20.26825084653865,
    "day_3_hour_7": -268.9200674690019,
    "day_3_hour_8": -4.0884710149148304,
    "day_3_hour_9": -44.99187011212689,
    "day_3_hour_10": -27.498063864223695,
    "day_3_hour_11": 20.935184007508724,
    "day_3_hour_12": 5.902241543913078,
    "day_3_hour_13": 69.65485624821576,
    "day_3_hour_14": 18.056401491697216,
    "day_3_hour_15": 68.33616790206361,
    "day_3_hour_16": 123.5084588000309,
    "day_3_hour_17": 8.474659404389058,
    "day_3_hour_18": 63.04166310089295,
    "day_3_hour_19": 48.047657795376836,
    "day_3_hour_20": -36.48632744605493,
    "day_3_hour_21": -28.22927069596335,
    "day_3_hour_22": -156.97309945059988,
    "day_3_hour_23": -68.17734070674396,
    "day_4_hour_0": 26.556695393610426,
    "day_4_hour_1": -59.56754890833099,
    "day_4_hour_2": 30.651194319453225,
    "day_4_hour_3": -99.90877046630203,
    "day_4_hour_4": -71.8542547141933,
    "day_4_hour_5": 44.45607996505487,
    "day_4_hour_6": -33.88208646207477,
    "day_4_hour_7": -63.13122738736092,
    "day_4_hour_8": 117.68224592957813,
    "day_4_hour_9": 48.3415565863379,
    "day_4_hour_10": 163.8320111182138,
    "day_4_hour_11": 103.3206963159937,
    "day_4_hour_12": 124.93302675456107,
    "day_4_hour_13": -8.898421929090546,
    "day_4_hour_14": -216.30703843838728,
    "day_4_hour_15": -85.6014937259506,
    "day_4_hour_16": -61.04536223863579,
    "day_4_hour_17": 229.4361175200711,
    "day_4_hour_18": -0.9710296160810685,
    "day_4_hour_19": -54.04864334582362,
    "day_4_hour_20": 82.12525532413292,
    "day_4_hour_21": -15.420780571417708,
    "day_4_hour_22": 9.018955756364903,
    "day_4_hour_23": 46.78890582197846,
    "day_5_hour_0": 127.90900407314575,
    "day_5_hour_1": -153.92724867329434,
    "day_5_hour_2": 74.36707484651015,
    "day_5_hour_3": 57.05218976414017,
    "day_5_hour_4": 6.965854861961361,
    "day_5_hour_5": 127.26393095943376,
    "day_5_hour_6": -16.484372292877197,
    "day_5_hour_7": -182.24219066307387,
    "day_5_hour_8": 201.19185912291596,
    "day_5_hour_9": 34.623212399316344,
    "day_5_hour_10": -114.05277189164644,
    "day_5_hour_11": -31.273649797943108,
    "day_5_hour_12": 6.457566027845132,
    "day_5_hour_13": 52.143323044045246,
    "day_5_hour_14": -128.2160383408982,
    "day_5_hour_15": 195.1917450322917,
    "day_5_hour_16": -53.724541728509394,
    "day_5_hour_17": -42.629240118875714,
    "day_5_hour_18": 84.66222189706696,
    "day_5_hour_19": -135.98923335441305,
    "day_5_hour_20": 13.602852115894166,
    "day_5_hour_21": -23.00312475220835,
    "day_5_hour_22": -271.10821872938186,
    "day_5_hour_23": -28.378252548460296,
    "day_6_hour_0": 82.67939582845565,
    "day_6_hour_1": 124.43740810614418,
    "day_6_hour_2": -20.048126865825907,
    "day_6_hour_3": -87.23843334779895,
    "day_6_hour_4": 91.61346360548896,
    "day_6_hour_5": -202.3525811358818,
    "day_6_hour_6": 129.61718011442008,
    "day_6_hour_7": 168.59034940485435,
    "day_6_hour_8": -202.74932814065323,
    "day_6_hour_9": 52.38461826040839,
    "day_6_hour_10": -50.25147503222888,
    "day_6_hour_11": 65.63054014857698,
    "day_6_hour_12": -50.15597621904635,
    "day_6_hour_13": 20.537520088810197,
    "day_6_hour_14": -31.027353696531463,
    "day_6_hour_15": 19.02987954476521,
    "day_6_hour_16": 65.62273473936966,
    "day_6_hour_17": 124.75773153619957,
    "day_6_hour_18": 49.70078764599748,
    "day_6_hour_19": -40.58272789138755,
    "day_6_hour_20": 7.257160794688389,
    "day_6_hour_21": 35.76592607801467,
    "day_6_hour_22": 81.16220772098677,
    "day_6_hour_23": 40.94598372586188
}