{
    "day_0_hour_0": 437.29994708054727,
    "day_0_hour_1": 417.121897722314,
    "day_0_hour_2": 426.84799775176396,
    "day_0_hour_3": 440.06750245471665,
    "day_0_hour_4": 412.1788121110054,
    "day_0_hour_5": 550.8809022548791,
    "day_0_hour_6": 1132.280216194937,
    "day_0_hour_7": 1092.3596715345125,
    "day_0_hour_8": 982.208528700058,
    "day_0_hour_9": 1007.6611449936834,
    "day_0_hour_10": 868.9019814241659,
    "day_0_hour_11": 1083.6696570278593,
    "day_0_hour_12": 977.1189910724421,
    "day_0_hour_13": 870.0623293035172,
    "day_0_hour_14": 894.9641656917978,
    "day_0_hour_15": 1070.8842967509568,
    "day_0_hour_16": 946.5168161849539,
    "day_0_hour_17": 1074.2373120235966,
    "day_0_hour_18": 940.9042966553883,
    "day_0_hour_19": 469.690659733097,
    "day_0_hour_20": 450.24077722873335,
    "day_0_hour_21": 371.2708536874878,
    "day_0_hour_22": 456.3716253217688,
    "day_0_hour_23": 433.7183268762034,
    "day_1_hour_0": 530.9965223123916,
    "day_1_hour_1": 429.6997009004299,
    "day_1_hour_2": 519.0418671182524,
    "day_1_hour_3": 472.65219685846057,
    "day_1_hour_4": 444.6738018569922,
    "day_1_hour_5": 471.95215641363427,
    "day_1_hour_6": 932.9765915872849,
    "day_1_hour_7": 974.4335064965192,
    "day_1_hour_8": 920.9969478140526,
    "day_1_hour_9": 958.0607288269072,
    "day_1_hour_10": 1066.2387914502228,
    "day_1_hour_11": 1060.3543602308223,
    "day_1_hour_12": 961.4440215609633,
    "day_1_hour_13": 945.14100703691,
    "day_1_hour_14": 1083.2341328375871,
    "day_1_hour_15": 1051.5262053072322,
    "day_1_hour_16": 964.3708526434341,
    "day_1_hour_17": 1152.3873054585856,
    "day_1_hour_18": 1127.3793034511314,
    "day_1_hour_19": 537.0568062083869,
    "day_1_hour_20": 464.8452581191348,
    "day_1_hour_21": 455.1388388885251,
    "day_1_hour_22": 372.92695341396393,
    "day_1_hour_23": 543.1085426367306,
    "day_2_hour_0": 498.97212375684967,
    "day_2_hour_1": 420.247793383734,
    "day_2_hour_2": 525.9039529709025,
    "day_2_hour_3": 558.054286603171,
    "day_2_hour_4": 605.0277090240547,
    "day_2_hour_5": 386.74746263835505,
    "day_2_hour_6": 1060.6648591950197,
    "day_2_hour_7": 969.4749469306398,
    "day_2_hour_8": 882.9196130431874,
    "day_2_hour_9": 1234.3298892807989,
    "day_2_hour_10": 1122.3054137326008,
    "day_2_hour_11": 955.1300582460244,
    "day_2_hour_12": 914.6800722983917,
    "day_2_hour_13": 1071.986788670738,
    "day_2_hour_14": 800.5317006923206,
    "day_2_hour_15": 962.4990983278685,
    "day_2_hour_16": 869.6439041238891,
    "day_2_hour_17": 987.6875586984979,
    "day_2_hour_18": 1104.7798023326359,
    "day_2_hour_19": 668.0434913125027,
    "day_2_hour_20": 410.6677670337476,
    "day_2_hour_21": 497.25419818514456,
    "day_2_hour_22": 473.06971462704587,
    "day_2_hour_23": 501.84775536165034,
    "day_3_hour_0": 476.37817061389023,
    "day_3_hour_1": 636.7605621146399,
    "day_3_hour_2": 355.91354035998893,
    "day_3_hour_3": 585.3384824957197,
    "day_3_hour_4": 384.55664489705987,
    "day_3_hour_5": 511.4440160845447,
    "day_3_hour_6": 1029.0955671730217,
    "day_3_hour_7": 944.0654087036628,
    "day_3_hour_8": 1163.940029151231,
    "day_3_hour_9": 1056.2994751532951,
    "day_3_hour_10": 1046.8473187465033,
    "day_3_hour_11": 980.8632920363216,
    "day_3_hour_12": 1210.2373167772848,
    "day_3_hour_13": 1071.4982616750467,
    "day_3_hour_14": 960.9317120244186,
    "day_3_hour_15": 1016.9215270491331,
    "day_3_hour_16": 1093.0753360375566,
    "day_3_hour_17": 1075.394581515694,
    "day_3_hour_18": 1030.675673058603,
    "day_3_hour_19": 595.9657052552957,
    "day_3_hour_20": 457.9782993050394,
    "day_3_hour_21": 343.76546475674877,
    "day_3_hour_22": 236.95363670284314,
    "day_3_hour_23": 292.50828629091757,
    "day_4_hour_0": 526.5566953936104,
    "day_4_hour_1": 440.432451091669,
    "day_4_hour_2": 700.4743866387894,
    "day_4_hour_3": 488.25020639444756,
    "day_4_hour_4": 509.33176100237915,
    "day_4_hour_5": 510.3394804431946,
    "day_4_hour_6": 931.0693567040307,
    "day_4_hour_7": 823.0829088695455,
    "day_4_hour_8": 980.3611620262,
    "day_4_hour_9": 1093.8816740614639,
    "day_4_hour_10": 974.5800403238381,
    "day_4_hour_11": 1024.5988288335939,
    "day_4_hour_12": 971.6054606055604,
    "day_4_hour_13": 943.4760354303344,
    "day_4_hour_14": 1048.1690547702337,
    "day_4_hour_15": 938.875696166846,
    "day_4_hour_16": 988.4637716230236,
    "day_4_hour_17": 1139.596294450801,
    "day_4_hour_18": 1090.599299291387,
    "day_4_hour_19": 512.1379094143558,
    "day_4_hour_20": 516.106055158506,
    "day_4_hour_21": 392.73745177558885,
    "day_4_hour_22": 617.1402298791027,
    "day_4_hour_23": 594.6398726531988,
    "day_5_hour_0": 627.9090040731458,
    "day_5_hour_1": 346.07275132670566,
    "day_5_hour_2": 482.57089674865256,
    "day_5_hour_3": 339.07415949302003,
    "day_5_hour_4": 600.8971191030569,
    "day_5_hour_5": 708.4756396636831,
    "day_5_hour_6": 848.7144511563474,
    "day_5_hour_7": 1024.2161452665696,
    "day_5_hour_8": 1036.4457646125547,
    "day_5_hour_9": 957.7986598639909,
    "day_5_hour_10": 943.2130506278054,
    "day_5_hour_11": 990.0421427455585,
    "day_5_hour_12": 920.068535585161,
    "day_5_hour_13": 970.5455558490976,
    "day_5_hour_14": 913.1428386998386,
    "day_5_hour_15": 928.1652366825911,
    "day_5_hour_16": 867.2434676105468,
    "day_5_hour_17": 1141.5580829918536,
    "day_5_hour_18": 1173.8279237647885,
    "day_5_hour_19": 321.26926510278645,
    "day_5_hour_20": 555.2685607371996,
    "day_5_hour_21": 557.1738343322195,
    "day_5_hour_22": 427.84148638626084,
    "day_5_hour_23": 617.4345377718128,
    "day_6_hour_0": 536.3223510773505,
    "day_6_hour_1": 566.7999215995483,
    "day_6_hour_2": 515.5518935482005,
    "day_6_hour_3": 501.52879469817344,
    "day_6_hour_4": 508.93275505363636,
    "day_6_hour_5": 372.8969149150189,
    "day_6_hour_6": 1125.0723060920827,
    "day_6_hour_7": 959.6987792764694,
    "day_6_hour_8": 1055.9021085199884,
    "day_6_hour_9": 1084.2462696218681,
    "day_6_hour_10": 983.2481954758223,
    "day_6_hour_11": 1135.6809792312597,
    "day_6_hour_12": 1018.1731715206215,
    "day_6_hour_13": 892.5750582777682,
    "day_6_hour_14": 1072.858909167554,
    "day_6_hour_15": 1072.185078757383,
    "day_6_hour_16": 894.9673104910607,
    "day_6_hour_17": 1066.576083130748,
    "day_6_hour_18": 1000.7876667677428,
    "day_6_hour_19": 420.16282838904044,
    "day_6_hour_20": 465.71942132883305,
    "day_6_hour_21": 636.8271353908494,
    "day_6_hour_22": 582.2348756045362,
    "day_6_hour_23": 511.9657302717119
}